result #,search engine,query,article title,article url,article description,total nr of results (best guess),,
0,duckduckgo,Donald Trump,Donald Trump - Wikipedia,https://nl.wikipedia.org/wiki/Donald_Trump,Donald Trump is de zoon van Fred Trump,,,
1,duckduckgo,Donald Trump,Donald J. Trump - Official Site,https://www.donaldjtrump.com/,Help continue our promise to Make America Great Again!,150,,
2,duckduckgo,Donald Trump,Donald J. Trump (@realDonaldTrump) | Twitter,https://twitter.com/realdonaldtrump,The latest Tweets from Donald J. Trump (@realDonaldTrump). 45th President of the United States of AmericaðŸ‡ºðŸ‡¸. Washington,,,
4,duckduckgo,Donald Trump,TrumpDonald.org,http://trumpdonald.org/,Why Donald Trump when you can Trump Donald? #TrumpDonald. Brought to you by Animal.,150,,
5,duckduckgo,Donald Trump,Donald J. Trump - Home | Facebook,https://www.facebook.com/DonaldTrump,Donald J. Trump,,,
6,duckduckgo,Donald Trump,Donald Trump | US news | The Guardian,https://www.theguardian.com/us-news/donaldtrump,The latest news,,,
7,duckduckgo,Donald Trump,Donald Trump | RTL Nieuws,https://www.rtlnieuws.nl/tags/personen/donald-trump,Sinds 20 januari is Donald Trump president van de Verenigde Staten. Wil je niets missen van zijn eerste maanden als president,,,
8,duckduckgo,Donald Trump,Donald Trump - latest news,,,,,
9,duckduckgo,Donald Trump,Donald Trump news,,,,,
10,duckduckgo,Donald Trump,Donald Trump: Latest News,,,,,
12,duckduckgo,Donald Trump,President Donald J. Trump (@realdonaldtrump) â€¢ Instagram photos and videos,https://www.instagram.com/realdonaldtrump/,14.9m Followers,,,
13,duckduckgo,Donald Trump,The Definitive Net Worth Of Donald Trump - Forbes,https://www.forbes.com/donald-trump/,What&#x27;s Donald Trump really worth? Forbes estimates his wealth based on his real estate holdings,,,
14,duckduckgo,Donald Trump,Donald Trump - Wikipedia,,,,,
15,duckduckgo,Donald Trump,Donald J. Trump | The White House,https://www.whitehouse.gov/people/donald-j-trump/,Donald J. Trump defines the American success story. Throughout his life he has continually set the standards of business and entrepreneurial excellence,,,
16,duckduckgo,Donald Trump,Trump,,,,,
17,duckduckgo,Donald Trump,Donald Trump â€” WikipÃ©dia,https://fr.wikipedia.org/wiki/Donald_Trump,Donald Trump explique Ã©galement que Â« la croissance amÃ©ricaine n&#x27;a jamais Ã©tÃ© nÃ©gative Â» et que le taux de croissance du PIB amÃ©ricain est passÃ© en nÃ©gatif au premier trimestre 2015 sous la prÃ©sidence de Barack Obama,,,
18,duckduckgo,Donald Trump,Donald Trump - Wikipedia,https://en.m.wikipedia.org/wiki/Donald_Trump,The Donald J. Trump Foundation is a U.S.-based private foundation that was established in 1988 for the initial purpose of giving away proceeds from the book Trump: The Art of the Deal. The foundation&#x27;s funds have mostly come from donors other than Trump,,,
19,duckduckgo,Donald Trump,Donald Trump - Latest News and Top Stories - NBC News,https://www.nbcnews.com/politics/donald-trump,Donald Trump Pompeo admits he was on Trump call with Ukrainian president Biden&#x27;s trip to China with son Hunter in 2013 comes under new scrutiny,150,,
20,duckduckgo,Donald Trump,Trump Tweets Today - What did the President Tweet Today? - What did ...,https://www.trumptweetstoday.com/,Whether they love him or not,,,
21,duckduckgo,Donald Trump,Donald Trump - Wikipedia,https://de.wikipedia.org/wiki/Donald_Trump,Donald John Trump / dÉ’nÉ™ld dÍ¡Ê’É’n trÊŒmp / (* 14. Juni 1946 in Queens,,,
22,duckduckgo,Donald Trump,Donald Trump News,,,,,
23,duckduckgo,Donald Trump,Official Trump Store | Brand New Merchandise - Trump Make America Great ...,https://shop.donaldjtrump.com/,By providing your phone number,,,
25,duckduckgo,Donald Trump,Rallies | Donald J. Trump for President,https://www.donaldjtrump.com/rallies/,Text TRUMP to 88022 to receive mobile alerts! ** Message and data rates may apply. Text &quot;STOP&quot; to opt-out. ... Paid for by Donald J. Trump for President,,,
29,duckduckgo,Donald Trump,Mac Miller - Donald Trump - YouTube,https://www.youtube.com/watch?v=74TFS8r_SMI,Mac Miller Donald Trump (Produced b... Skip navigation Sign in. Search. Loading... Close. This video is unavailable. Watch Queue Queue. Watch Queue Queue.,150,,
31,duckduckgo,Donald Trump,Donald Trump - U.S. Presidency,,,," profitable building projects in Manhattan.""	150",
32,duckduckgo,Donald Trump,Inauguration of Donald Trump - Wikipedia,https://en.wikipedia.org/wiki/Inauguration_of_Donald_Trump,President Donald Trump and First Lady Melania Trump attended three official inaugural balls during the evening of January 20,,,
34,duckduckgo,Donald Trump,Melania Trump - Wikipedia,https://nl.wikipedia.org/wiki/Melania_Trump,Melania Trump (geboren Melanija Knavs,,,
35,duckduckgo,Donald Trump,How Popular Is Donald Trump? | FiveThirtyEight,https://projects.fivethirtyeight.com/trump-approval-ratings/,How un popular is Donald Trump? How un popular is Donald Trump? An updating calculation of the president&#x27;s approval rating,,,
36,duckduckgo,Donald Trump,20 Photos of Young Donald Trump You&#x27;ve Never Seen Before,http://dailyspoonfeed.com/20-photos-of-young-donald-trump-youve-never-seen-before-2/,Donald was used to living a life of luxury from an early age. The photo above was taken back in 1973 when he was only 27 years old. Trump already had his own 3-bedroom penthouse at this age. Check out this lovely shot of younger Donald Trump and his oldest daughter Ivanka. As you can see,,,
37,duckduckgo,Donald Trump,Efforts to impeach Donald Trump - Wikipedia,https://en.wikipedia.org/wiki/Efforts_to_impeach_Donald_Trump,He also stated that Trump would inflate his personal wealth for financial benefits,,,
38,duckduckgo,Donald Trump,Donald Trump Porn Videos | Pornhub.com,https://www.pornhub.com/video/search?search=donald+trump,Watch Donald Trump porn videos for free,,,
39,duckduckgo,Donald Trump,Donald Trump - WikipÃ©dia,,,,,
40,duckduckgo,Donald Trump,Election Other - President Trump Job Approval - Polls,https://www.realclearpolitics.com/epolls/other/president_trump_job_approval-6179.html,President Trump Job Approval. 43.4. Approve,150,,
41,duckduckgo,Donald Trump,ZÃ³ zag Melania Trump er 15 jaar geleden uit - libelle.nl,https://www.libelle.nl/mensen/melania-trump-jaar-geleden/,Melania Trump,,,
42,duckduckgo,Donald Trump,Donald Trump - Simple English Wikipedia,,,," died in 1981 at the age of 43.""	150",
43,duckduckgo,Donald Trump,Donald Trump - Wikikids,https://wikikids.nl/Donald_Trump,Trump The Game (een bordspel uit 1989) Donald Trump&#x27;s Real Estate Tycoon (videospel) Trump Books (boeken) Trump Steaks; De waarde van Trumps bedrijf wordt geschat op ongeveer 2 miljard. Trump zelf beweert dat het 3 miljard is. Hij zegt dat hij 7 miljard bezit en 250 miljoen aan contant geld. Forbes heeft Trumps vermogen geschat op 4,,,
44,duckduckgo,Donald Trump,Donald J. Trump for President,,,,,
45,duckduckgo,Donald Trump,Donald Trump | Biography &amp; Facts | Britannica.com,https://www.britannica.com/biography/Donald-Trump,Donald Trump,,,
46,duckduckgo,Donald Trump,Donald Trump Fast Facts - CNN,https://www.cnn.com/2013/07/04/us/donald-trump-fast-facts/index.html,Jul-04,,,
47,duckduckgo,Donald Trump,Donald Trump - IMDb,https://www.imdb.com/name/nm0874339/,Donald Trump,,,
48,duckduckgo,Donald Trump,Donald Trump interview 2 days after 9/11 at ground zero - YouTube,https://www.youtube.com/watch?v=gNodh9OlTrQ,,,,
49,duckduckgo,Donald Trump,Donald Trump - Forbes,https://www.forbes.com/profile/donald-trump/,Donald Trump became the first billionaire president of the United States in January 2017. The core of his fortune is tied up in a half-dozen buildings in and around midtown Manhattan in New York City. Trump also owns golf courses and a winery and has licensed his name to companies around the world.,150,,
50,duckduckgo,Donald Trump,The Trump Organization | Luxury Real Estate Portfolio,https://www.trump.com/,Welcome to the official website of The Trump Organization. Learn more about the luxury brand that inspires you to think big and push the boundaries. View our story ...,150,,
51,duckduckgo,Donald Trump,Donald Trump&#x27;s Family Tree - ThoughtCo,https://www.thoughtco.com/ancestry-of-donald-trump-1421916,Donald Trump was the fourth of five children born to Frederick Christ and Mary MacLeod Trump. The future president was born in the New York City borough of Queens on June 14,,,
54,duckduckgo,Donald Trump,Here Are 13 Examples Of Donald Trump Being Racist | HuffPost,https://www.huffpost.com/entry/donald-trump-racist-examples_n_56d47177e4b03260bf777e83,Donald Trump,,,
55,duckduckgo,Donald Trump,President Donald Trump&#x27;s Economic Plan - The Balance,https://www.thebalance.com/donald-trump-economic-plan-3994106,President Donald Trump&#x27;s economic plan focuses on tax cuts,,,
61,duckduckgo,Donald Trump,Donald Trump - BBC News,https://www.bbc.co.uk/news/topics/cp7r8vgl2lgt/donald-trump,Donald Trump is facing impeachment,,,
62,duckduckgo,Donald Trump,Hoe werd Donald Trump president van Amerika? | NPO Focus,https://npofocus.nl/artikel/7553/wie-is-donald-trump,Vanaf 1968 is Donald Trump officieel in dienst bij het bedrijf van zijn vader,,,
65,duckduckgo,Donald Trump,donald trump - MSN,https://www.msn.com/en-us/news/topic/donald%20trump/ti-AAbJ3rI,Donald Trump&#x27;s relative: He&#x27;s never given a penny to his mother&#x27;s Scottish community. Donald Trump has rarely expressed affection for his Scottish roots,,,
66,duckduckgo,Donald Trump,Donald Trump | WWE,https://www.wwe.com/superstars/donald-trump,The Donald&#x27;s Trump Plaza in Atlantic City,,,
67,duckduckgo,Donald Trump,Trump woest op Facebook en Twitter na &#x27;censuur&#x27; | Buitenland | AD.nl,https://www.ad.nl/buitenland/trump-woest-op-facebook-en-twitter-na-censuur~a3ccabcd/,Trump woest op Facebook en Twitter na &#x27;censuur&#x27; De Amerikaanse president Donald Trump heeft uitgehaald naar sociale media zoals Facebook en Twitter,,,
69,duckduckgo,Donald Trump,Luxury Hotels | Trump Hotels - Official Website | 5 Star Hotels,https://www.trumphotels.com/,Trump Hotels are luxury hotels located around the world providing a range of options and experiences. Our 4 and 5 star hotels provide relaxing getaways,,,
70,duckduckgo,Donald Trump,Presidential Approval Ratings -- Donald Trump,https://news.gallup.com/poll/203198/presidential-approval-ratings-donald-trump.aspx,Donald Trump&#x27;s 42.7% job approval average in his 10th quarter in office is his best to date,,,
71,duckduckgo,Donald Trump,Donald Trump,,,,,
72,duckduckgo,Donald Trump,Donald Trump Quotes - BrainyQuote,https://www.brainyquote.com/authors/donald-trump-quotes,Enjoy the best Donald Trump Quotes at BrainyQuote. Quotations by Donald Trump,,,
73,duckduckgo,Donald Trump,Donald Trump - Aktuelle News zum US-PrÃ¤sidenten - SÃ¼ddeutsche.de,https://www.sueddeutsche.de/thema/Donald_Trump,US-PrÃ¤sident Trump sieht sich als Opfer eines &quot;Putsches&quot; Donald Trump sieht sich selbst als Opfer eines Putsches. Das Amtsenthebungsverfahren gegen ihn sei ein Versuch,,,
75,duckduckgo,Donald Trump,Donald Trump Jr. (@donaldjtrumpjr) â€¢ Instagram photos and videos,https://www.instagram.com/donaldjtrumpjr/,1.9m Followers,,,
78,duckduckgo,Donald Trump,Donald Trump - The Telegraph,https://www.telegraph.co.uk/donald-trump/,Donald Trump has abandoned Syria for short-term political gain. We will all pay a terrible price for his folly Premium. Macer Gifford. 8 Oct 2019,,,
79,duckduckgo,Donald Trump,Donald Trump - Wikipedia,,,,,
80,duckduckgo,Donald Trump,Hoeveel geld heeft Donald Trump - OneTime.nl,https://www.onetime.nl/geld-financieel/donald-trump,De vader van Donald Trump,,,
81,duckduckgo,Donald Trump,[TRUMP PRINCESS]: All You Need to Know About the US President Yacht,https://www.superyachtfan.com/donald_trump.html,Donald Trump was owner of the yacht Trump Princess. He sold her in 1991. Trump net worth is US$ 3.1 billion. He ows several private jets. And he owns many houses. His Trump Princess yacht was featured in a James Bond Movie.,150,,
82,duckduckgo,Donald Trump,Trump Simulator,http://www.trumpsimulator.com/,Help Donald Trump with his promise to &#x27;stop the illegals&#x27;. To uphold his foreign policy,,,
84,duckduckgo,Donald Trump,Astrology and natal chart of Donald Trump,,,,,
88,duckduckgo,Donald Trump,What is Donald Trump&#x27;s IQ? - Quora,https://www.quora.com/What-is-Donald-Trumps-IQ,Trump has probably never had an official IQ test,,,
89,duckduckgo,Donald Trump,Donald Trump&#x27;s Racism: The Definitive List,,,,,
90,duckduckgo,Donald Trump,Donald Trump Net Worth | Celebrity Net Worth,https://www.celebritynetworth.com/richest-businessmen/richest-billionaires/donald-trump-net-worth/,Donald Trump net worth: Donald Trump is an American politician,,,
91,duckduckgo,Donald Trump,Donald Trump,,,,,
92,duckduckgo,Donald Trump,Donald J. Trump - Startpagina | Facebook,https://nl-nl.facebook.com/DonaldTrump,Donald J. Trump,,,
93,duckduckgo,Donald Trump,Donald Trump | Minecraft Skins,https://www.minecraftskins.com/search/skin/donald-trump/1/,View,,,
95,duckduckgo,Donald Trump,World&#x27;s Best Donald Trump Stock Pictures,,,,,
97,duckduckgo,Donald Trump,Donald Trump 2016 Presidential Election Candidate - NBC News,https://www.nbcnews.com/politics/2016-election/candidates/donald-trump,Donald Trump has been a fixture of American culture for decades. As a real estate mogul,,,
98,duckduckgo,Donald Trump,Mac Miller - Donald Trump Lyrics | Genius Lyrics,https://genius.com/Mac-miller-donald-trump-lyrics,Nobody expected [&quot;Donald Trump&quot;] to blow up and do that. You can&#x27;t really predict that. And we made that record just for fun,,,
103,duckduckgo,Donald Trump,42 Little-Known Facts About Donald Trump&#x27;s Childhood | LifeDaily,https://www.lifedaily.com/story/42-little-known-facts-about-donald-trumps-childhood/,Donald Trump was born on June 14,,,
104,duckduckgo,Donald Trump,Donald Trump | US news | The Guardian,https://www.theguardian.com/us-news/donaldtrump,The latest news,,,
105,duckduckgo,Donald Trump,Alle artikels over &quot;Donald Trump&quot; - Knack.be,https://www.knack.be/nieuws/tag/donald-trump-3152.html,Donald Trump waarschuwt voor lange shutdown als er geen geld komt voor grensmuur Mexico. Donald Trump heeft er vrijdag opnieuw mee gedreigd dat er een lange shutdown van de overheidsdiensten kan komen als het Amerikaanse Congres geen budget voorziet voor een grensmuur met Mexico.,150,,
106,duckduckgo,Donald Trump,Melania Trump - Wikipedia,https://nl.m.wikipedia.org/wiki/Melania_Trump,Melania Trump (geboren Melanija Knavs,,,
107,duckduckgo,Donald Trump,Inside the Trump Marriage: Melania&#x27;s Burden | Vanity Fair,https://www.vanityfair.com/news/2017/04/donald-melania-trump-marriage,Fortunately,," Trump approached Melania and asked for her number.""	150",
109,duckduckgo,Donald Trump,How Donald Trump Got His Money - Investopedia,https://www.investopedia.com/updates/donald-trump-rich/,Donald J. Trump has launched an empire,,,
110,duckduckgo,Donald Trump,Election Other - Trump: Favorable/Unfavorable - realclearpolitics.com,https://www.realclearpolitics.com/epolls/other/trump_favorableunfavorable-5493.html,Poll Date Sample. Favorable . Unfavorable,150,,
111,duckduckgo,Donald Trump,Donald Trump GIFs - Find &amp; Share on GIPHY,https://giphy.com/search/donald-trump/,Find GIFs with the latest and newest hashtags! Search,,,
112,duckduckgo,Donald Trump,Meet the Trumps: dit is de familie van de 45ste ... - Het Nieuwsblad,https://www.nieuwsblad.be/cnt/dmf20161109_02563771,Lees hier het uitgebreide portret van Melania Trump. Met Melania heeft Donald Trump Ã©Ã©n kind: de intussen tienjarige Barron Trump. Een jongeman waarbij Trump zich al uitgebreid verontschuldigde tijdens de campagne omdat hij hem nooit meer zag. En Barron zelf? Die vindt het allemaal maar saai,,,
114,duckduckgo,Donald Trump,Live President Donald Trump Popularity Polls - Live Latest Popularity ...,https://www.donaldjtrumppolls.com/,President Donald Trump awarded one of the nation&#x27;s highest civilian honors to Edwin Meese III Tuesday,,,
115,duckduckgo,Donald Trump,&#x27;trump&#x27; Search - XNXX.COM,https://www.xnxx.com/search/trump,Similar searches trump parody political hillary clinton maga parody teanna trump election milf teyana trump melania stormy daniels trump supporter politics republican obama donald melanie trump politician clinton trump teanna tenna trump tena trump melina trump melania trump teena trump solo moabit president palin donald trump ivanka trump ...,150,,
116,duckduckgo,Donald Trump,Donald Duck - Spreekbeurten.info,https://spreekbeurten.info/donald-duck.html,In de eerste film zag Donald Duck er heel anders uit dan nu. Zo was hij in deze tijd nog wat kleiner,,,
117,duckduckgo,Donald Trump,Donald Trump&#x27;s Early Life and Wives Ivana,,,,,
118,duckduckgo,Donald Trump,Loon,,,," remains uncertain. Trump never released his tax ...""	150",
119,duckduckgo,Donald Trump,Vanessa Trump Reportedly Divorced Don Jr. Because,,,,,
120,duckduckgo,Donald Trump,Make America Great Again cap - Trump Pet Shop,https://www.trumppet.nl/,De Make America Great Again baseball cap van presidentskandidaat Donald Trump. Verkrijgbaar in rood en wit. Eindelijk te kopen in Nederland en BelgiÃ«.,150,,
121,duckduckgo,Donald Trump,Trump: An American Dream | Netflix Official Site,https://www.netflix.com/title/80206395,Trump: An American Dream 2018 TV-14 1 Season Documentaries Friends,,,
122,duckduckgo,Donald Trump,Dit zijn de huizen van Donald Trump - Vastgoedjournaal.nl,https://vastgoedjournaal.nl/news/20433/dit-zijn-de-huizen-van-donald-trump-filmmateriaal,In het Witte Huis heeft hij nog geen vaste plek,,,
123,duckduckgo,Donald Trump,Donald Trump Biography - Facts,,,,,
124,duckduckgo,Donald Trump,Donald Trump: narcist uit het boekje - uu.nl,https://www.uu.nl/organisatie/faculteit-sociale-wetenschappen/donald-trump-narcist-uit-het-boekje,Sander Thomaes,,,
125,duckduckgo,Donald Trump,Comedy Central Roast of Donald Trump (2011) - IMDb,https://www.imdb.com/title/tt1865333/,Directed by Joel Gallen. With Donald Trump,,,
126,duckduckgo,Donald Trump,Donald Trump Games - Free Online Donald Trump Games,https://www.crazygames.com/t/donald-trump,We collected 33 of the best free online donald trump games. These games include browser games for both your computer and mobile devices,,,
127,duckduckgo,Donald Trump,Donald Trump,,,,,
128,duckduckgo,Donald Trump,The White House,https://www.whitehouse.gov/,We,,,
129,duckduckgo,Donald Trump,Donald Trump Jr. - Home | Facebook,https://www.facebook.com/DonaldJTrumpJr,Donald Trump Jr. 1.6M likes. EVP of Development &amp; Acquisitions Trump Organization and Boardroom Advisor on the Apprentice.,150,,
130,duckduckgo,Donald Trump,Donald Trump: slecht nieuws voor NASA,,,,,
131,duckduckgo,Donald Trump,Donald Trump,,,, Trump again announced his candidacy for president," as a Republican.""	150"
134,duckduckgo,Donald Trump,Donald J. Trump (@realDonaldTrump) | Twitter,https://twitter.com/realDonaldTrump,The latest Tweets from Donald J. Trump (@realDonaldTrump). 45th President of the United States of AmericaðŸ‡ºðŸ‡¸. Washington,,,
137,duckduckgo,Donald Trump,Learn About the Companies Donald Trump Owns,https://www.investopedia.com/updates/donald-trump-companies/,Trump Ice is a bottled water brand owned by Donald Trump. The winner of The Apprentice season two,,,
